city,county
Newark,Alameda
Livermore,Alameda
Pleasanton,Alameda
Oakland,Alameda
Castro Valley,Alameda
Berkeley,Alameda
Piedmont,Alameda
Fremont,Alameda
Hayward,Alameda
Albany,Alameda
Dublin,Alameda
Alameda,Alameda
San Leandro,Alameda
Union City,Alameda
San Lorenzo,Alameda
Emeryville,Alameda
Byron,Alameda
Sunol,Alameda
Mountain House,Alameda
Mill Valley,Marin County
San Anselmo,Marin County
Tiburon,Marin County
San Rafael,Marin County
San Geronimo,Marin County
Fairfax,Marin County
Kentfield,Marin County
Novato,Marin County
Greenbrae,Marin County
Larkspur,Marin County
Corte Madera,Marin County
Ross,Marin County
Stinson Beach,Marin County
Belvedere,Marin County
Woodacre,Marin County
Sausalito,Marin County
Lagunitas,Marin County
Inverness,Marin County
Point Reyes Station,Marin County
Bolinas,Marin County
Nicasio,Marin County
Dillon Beach,Marin County
Forest Knolls,Marin County
Petaluma,Marin County
Muir Beach,Marin County
Tomales,Marin County
San Francisco,San Francisco
Daly City,San Mateo
Pacifica,San Mateo
Redwood City,San Mateo
Hillsborough,San Mateo
San Mateo,San Mateo
Brisbane,San Mateo
South San Francisco,San Mateo
San Mateo,San Mateo
Pacifica,San Mateo
Atherton,San Mateo
Woodside,San Mateo
Redwood City,San Mateo
El Granada,San Mateo
Burlingame,San Mateo
Menlo Park,San Mateo
Portola Valley,San Mateo
East Menlo Park,San Mateo
Menlo Park,San Mateo
Millbrae,San Mateo
San Carlos,San Mateo
Belmont,San Mateo
San Bruno,San Mateo
Half Moon Bay,San Mateo
La Honda,San Mateo
Montara,San Mateo
Foster City,San Mateo
Moss Beach,San Mateo
Redwood Shores,San Mateo
Colma,San Mateo
East Palo Alto,San Mateo
Pescadero,San Mateo
San Gregorio,San Mateo
Emerald Hills,San Mateo
Loma Mar,San Mateo
